<?xml version="1.0" encoding="UTF-8"?>
<project-private xmlns="http://www.netbeans.org/ns/project-private/1">
    <editor-bookmarks xmlns="http://www.netbeans.org/ns/editor-bookmarks/2" lastBookmarkId="0"/>
    <open-files xmlns="http://www.netbeans.org/ns/projectui-open-files/2">
        <group>
            <file>file:/C:/Users/WIN%2010/Documents/NetBeansProjects/CobaGui/src/cobagui/Home.java</file>
            <file>file:/C:/Users/WIN%2010/Documents/NetBeansProjects/CobaGui/src/cobagui/SetGet.java</file>
            <file>file:/C:/Users/WIN%2010/Documents/NetBeansProjects/CobaGui/src/cobagui/OptionFrame.java</file>
            <file>file:/C:/Users/WIN%2010/Documents/NetBeansProjects/CobaGui/src/cobagui/Background.java</file>
            <file>file:/C:/Users/WIN%2010/Documents/NetBeansProjects/CobaGui/src/cobagui/CobaGui.java</file>
        </group>
    </open-files>
</project-private>
